metric,estimate,estimate1,estimate2,statistic,p.value,parameter,conf.low,conf.high,method,alternative
participant_mean_rt_ms,-18.132789402719766,321.2295653907496,339.36235479346936,-0.36115194211069696,0.7215842204565523,21.056174469607186,-122.52950111213143,86.2639223066919,Welch Two Sample t-test,two.sided
participant_hit_rate_pct,-1.783216783216787,90.9090909090909,92.6923076923077,-0.6379736719266039,0.5315031601378762,18.047040295567005,-7.654461585400619,4.088028018967045,Welch Two Sample t-test,two.sided
